Home,Away
Denver Broncos,Baltimore Ravens
Indianapolis Colts,Oakland Raiders
Tennessee Titans,Pittsburgh Steelers
Detroit Lions,Minnesota Vikings
Miami Dolphins,Cleveland Browns
New England Patriots,Buffalo Bills
Chicago Bears,Cincinnati Bengals
Kansas City Chiefs,Jacksonville Jaguars
New Orleans Saints,Atlanta Falcons
New York Jets,Tampa Bay Buccaneers
Seattle Seahawks,Carolina Panthers
St. Louis Rams,Arizona Cardinals
San Francisco 49ers,Green Bay Packers
Dallas Cowboys,New York Giants
Philadelphia Eagles,Washington Redskins
Houston Texans,San Diego Chargers
New England Patriots,New York Jets
Buffalo Bills,Carolina Panthers
San Diego Chargers,Philadelphia Eagles
Miami Dolphins,Indianapolis Colts
Green Bay Packers,Washington Redskins
Kansas City Chiefs,Dallas Cowboys
Baltimore Ravens,Cleveland Browns
Houston Texans,Tennessee Titans
Chicago Bears,Minnesota Vikings
Atlanta Falcons,St. Louis Rams
Arizona Cardinals,Detroit Lions
New Orleans Saints,Tampa Bay Buccaneers
Denver Broncos,New York Giants
Oakland Raiders,Jacksonville Jaguars
Seattle Seahawks,San Francisco 49ers
Cincinnati Bengals,Pittsburgh Steelers
Kansas City Chiefs,Philadelphia Eagles
Dallas Cowboys,St. Louis Rams
New England Patriots,Tampa Bay Buccaneers
Carolina Panthers,New York Giants
Baltimore Ravens,Houston Texans
New Orleans Saints,Arizona Cardinals
Tennessee Titans,San Diego Chargers
Cincinnati Bengals,Green Bay Packers
Detroit Lions,Washington Redskins
Cleveland Browns,Minnesota Vikings
Miami Dolphins,Atlanta Falcons
New York Jets,Buffalo Bills
Indianapolis Colts,San Francisco 49ers
Seattle Seahawks,Jacksonville Jaguars
Chicago Bears,Pittsburgh Steelers
Denver Broncos,Oakland Raiders
San Francisco 49ers,St. Louis Rams
Buffalo Bills,Baltimore Ravens
Kansas City Chiefs,New York Giants
Seattle Seahawks,Houston Texans
Arizona Cardinals,Tampa Bay Buccaneers
Detroit Lions,Chicago Bears
Cleveland Browns,Cincinnati Bengals
Indianapolis Colts,Jacksonville Jaguars
Minnesota Vikings,Pittsburgh Steelers
Tennessee Titans,New York Jets
Washington Redskins,Oakland Raiders
San Diego Chargers,Dallas Cowboys
Denver Broncos,Philadelphia Eagles
New England Patriots,Atlanta Falcons
New Orleans Saints,Miami Dolphins
Cleveland Browns,Buffalo Bills
St. Louis Rams,Jacksonville Jaguars
Baltimore Ravens,Miami Dolphins
Green Bay Packers,Detroit Lions
New Orleans Saints,Chicago Bears
Cincinnati Bengals,New England Patriots
Philadelphia Eagles,New York Giants
Kansas City Chiefs,Tennessee Titans
Indianapolis Colts,Seattle Seahawks
Arizona Cardinals,Carolina Panthers
Denver Broncos,Dallas Cowboys
San Francisco 49ers,Houston Texans
Oakland Raiders,San Diego Chargers
New York Jets,Atlanta Falcons
Chicago Bears,New York Giants
Green Bay Packers,Baltimore Ravens
Cincinnati Bengals,Buffalo Bills
Kansas City Chiefs,Oakland Raiders
Detroit Lions,Cleveland Browns
St. Louis Rams,Houston Texans
Pittsburgh Steelers,New York Jets
Philadelphia Eagles,Tampa Bay Buccaneers
Carolina Panthers,Minnesota Vikings
Denver Broncos,Jacksonville Jaguars
Seattle Seahawks,Tennessee Titans
New England Patriots,New Orleans Saints
San Francisco 49ers,Arizona Cardinals
Dallas Cowboys,Washington Redskins
San Diego Chargers,Indianapolis Colts
Seattle Seahawks,Arizona Cardinals
Atlanta Falcons,Tampa Bay Buccaneers
Dallas Cowboys,Philadelphia Eagles
San Diego Chargers,Jacksonville Jaguars
Buffalo Bills,Miami Dolphins
Cincinnati Bengals,Detroit Lions
Carolina Panthers,St. Louis Rams
New York Jets,New England Patriots
Washington Redskins,Chicago Bears
San Francisco 49ers,Tennessee Titans
Pittsburgh Steelers,Baltimore Ravens
Green Bay Packers,Cleveland Browns
Kansas City Chiefs,Houston Texans
Indianapolis Colts,Denver Broncos
New York Giants,Minnesota Vikings
Carolina Panthers,Tampa Bay Buccaneers
New England Patriots,Miami Dolphins
Kansas City Chiefs,Cleveland Browns
New York Giants,Philadelphia Eagles
New Orleans Saints,Buffalo Bills
Detroit Lions,Dallas Cowboys
San Francisco 49ers,Jacksonville Jaguars
Arizona Cardinals,Atlanta Falcons
Oakland Raiders,Pittsburgh Steelers
Cincinnati Bengals,New York Jets
Denver Broncos,Washington Redskins
Green Bay Packers,Minnesota Vikings
Seattle Seahawks,St. Louis Rams
Miami Dolphins,Cincinnati Bengals
Tennessee Titans,St. Louis Rams
Kansas City Chiefs,Buffalo Bills
Carolina Panthers,Atlanta Falcons
Washington Redskins,San Diego Chargers
Dallas Cowboys,Minnesota Vikings
New York Jets,New Orleans Saints
Seattle Seahawks,Tampa Bay Buccaneers
Philadelphia Eagles,Oakland Raiders
New England Patriots,Pittsburgh Steelers
Cleveland Browns,Baltimore Ravens
Indianapolis Colts,Houston Texans
Chicago Bears,Green Bay Packers
Minnesota Vikings,Washington Redskins
Philadelphia Eagles,Green Bay Packers
Jacksonville Jaguars,Tennessee Titans
Pittsburgh Steelers,Buffalo Bills
Baltimore Ravens,Cincinnati Bengals
Detroit Lions,Chicago Bears
St. Louis Rams,Indianapolis Colts
New York Giants,Oakland Raiders
Seattle Seahawks,Atlanta Falcons
Carolina Panthers,San Francisco 49ers
Denver Broncos,San Diego Chargers
Arizona Cardinals,Houston Texans
New Orleans Saints,Dallas Cowboys
Tampa Bay Buccaneers,Miami Dolphins
Indianapolis Colts,Tennessee Titans
Pittsburgh Steelers,Detroit Lions
Chicago Bears,Baltimore Ravens
Philadelphia Eagles,Washington Redskins
Buffalo Bills,New York Jets
Cincinnati Bengals,Cleveland Browns
Oakland Raiders,Houston Texans
Tampa Bay Buccaneers,Atlanta Falcons
Arizona Cardinals,Jacksonville Jaguars
Miami Dolphins,San Diego Chargers
New York Giants,Green Bay Packers
New Orleans Saints,San Francisco 49ers
Seattle Seahawks,Minnesota Vikings
Denver Broncos,Kansas City Chiefs
Carolina Panthers,New England Patriots
New Orleans Saints,Atlanta Falcons
St. Louis Rams,Chicago Bears
Minnesota Vikings,Green Bay Packers
Jacksonville Jaguars,Houston Texans
Baltimore Ravens,New York Jets
Carolina Panthers,Miami Dolphins
San Diego Chargers,Kansas City Chiefs
Tampa Bay Buccaneers,Detroit Lions
Pittsburgh Steelers,Cleveland Browns
Tennessee Titans,Oakland Raiders
Arizona Cardinals,Indianapolis Colts
Dallas Cowboys,New York Giants
New England Patriots,Denver Broncos
San Francisco 49ers,Washington Redskins
Detroit Lions,Green Bay Packers
Dallas Cowboys,Oakland Raiders
Baltimore Ravens,Pittsburgh Steelers
Philadelphia Eagles,Arizona Cardinals
Miami Dolphins,New York Jets
Indianapolis Colts,Tennessee Titans
New England Patriots,Houston Texans
Jacksonville Jaguars,Cleveland Browns
Carolina Panthers,Tampa Bay Buccaneers
Minnesota Vikings,Chicago Bears
Atlanta Falcons,Buffalo Bills
San Francisco 49ers,St. Louis Rams
Cincinnati Bengals,San Diego Chargers
Denver Broncos,Kansas City Chiefs
New York Giants,Washington Redskins
Seattle Seahawks,New Orleans Saints
Jacksonville Jaguars,Houston Texans
Philadelphia Eagles,Detroit Lions
New England Patriots,Cleveland Browns
Cincinnati Bengals,Indianapolis Colts
Miami Dolphins,Pittsburgh Steelers
Green Bay Packers,Atlanta Falcons
Tampa Bay Buccaneers,Buffalo Bills
New York Jets,Oakland Raiders
Baltimore Ravens,Minnesota Vikings
Kansas City Chiefs,Washington Redskins
Denver Broncos,Tennessee Titans
San Diego Chargers,New York Giants
Arizona Cardinals,St. Louis Rams
San Francisco 49ers,Seattle Seahawks
New Orleans Saints,Carolina Panthers
Chicago Bears,Dallas Cowboys
San Diego Chargers,Denver Broncos
San Francisco 49ers,Tampa Bay Buccaneers
Buffalo Bills,Jacksonville Jaguars
Indianapolis Colts,Houston Texans
Minnesota Vikings,Philadelphia Eagles
Miami Dolphins,New England Patriots
Seattle Seahawks,New York Giants
Chicago Bears,Cleveland Browns
Atlanta Falcons,Washington Redskins
Carolina Panthers,New York Jets
Kansas City Chiefs,Oakland Raiders
St. Louis Rams,New Orleans Saints
Green Bay Packers,Dallas Cowboys
Arizona Cardinals,Tennessee Titans
Pittsburgh Steelers,Cincinnati Bengals
Baltimore Ravens,Detroit Lions
St. Louis Rams,Tampa Bay Buccaneers
Denver Broncos,Houston Texans
Tennessee Titans,Jacksonville Jaguars
Buffalo Bills,Miami Dolphins
New York Jets,Cleveland Browns
Indianapolis Colts,Kansas City Chiefs
Cincinnati Bengals,Minnesota Vikings
Dallas Cowboys,Washington Redskins
Carolina Panthers,New Orleans Saints
New York Giants,Detroit Lions
Arizona Cardinals,Seattle Seahawks
Pittsburgh Steelers,Green Bay Packers
New England Patriots,Baltimore Ravens
San Diego Chargers,Oakland Raiders
Philadelphia Eagles,Chicago Bears
San Francisco 49ers,Atlanta Falcons
Indianapolis Colts,Jacksonville Jaguars
Cincinnati Bengals,Baltimore Ravens
Pittsburgh Steelers,Cleveland Browns
Tennessee Titans,Houston Texans
New York Jets,Miami Dolphins
New York Giants,Washington Redskins
Minnesota Vikings,Detroit Lions
Carolina Panthers,Atlanta Falcons
Green Bay Packers,Chicago Bears
San Francisco 49ers,Arizona Cardinals
Denver Broncos,Oakland Raiders
New Orleans Saints,Tampa Bay Buccaneers
New England Patriots,Buffalo Bills
Seattle Seahawks,St. Louis Rams
San Diego Chargers,Kansas City Chiefs
Philadelphia Eagles,Dallas Cowboys
